place_id,relation_type,related_place_id,property_uri,property_label,value,unit_uri,date,from,to,source_id,locator,attribution,citation_function,certainty,certainty_level,denied,stance,notes
florence,LeadsTo,pisa,https://www.wikidata.org/wiki/Property:P1114,letters sent,16261,,1355-1402,1355,1402,letters-by-pair,FIRENZE to PISA,,citesAsDataSource,,,,,Every letter the dataset records from FIRENZE to PISA. The dates are the years of sending as the dataset gives them.
florence,LeadsTo,pisa,https://www.wikidata.org/wiki/Property:P2047,median delivery time (days),2,http://www.wikidata.org/entity/Q573,1355-1402,1355,1402,letters-by-pair,FIRENZE to PISA,,citesAsDataSource,,,,,"The median of arrival date minus sending date, over the 13555 letters with both dates and a delay of 0 to 365 days. The mean is not given: impossible delays in the records move it too far."
pisa,LeadsTo,florence,https://www.wikidata.org/wiki/Property:P1114,letters sent,6414,,1379-1413,1379,1413,letters-by-pair,PISA to FIRENZE,,citesAsDataSource,,,,,Every letter the dataset records from PISA to FIRENZE. The dates are the years of sending as the dataset gives them.
pisa,LeadsTo,florence,https://www.wikidata.org/wiki/Property:P2047,median delivery time (days),2,http://www.wikidata.org/entity/Q573,1379-1413,1379,1413,letters-by-pair,PISA to FIRENZE,,citesAsDataSource,,,,,"The median of arrival date minus sending date, over the 4933 letters with both dates and a delay of 0 to 365 days. The mean is not given: impossible delays in the records move it too far."
florence,LeadsTo,prato,https://www.wikidata.org/wiki/Property:P1114,letters sent,6804,,1367-1443,1367,1443,letters-by-pair,FIRENZE to PRATO,,citesAsDataSource,,,,,Every letter the dataset records from FIRENZE to PRATO. The dates are the years of sending as the dataset gives them.
florence,LeadsTo,prato,https://www.wikidata.org/wiki/Property:P2047,median delivery time (days),0,http://www.wikidata.org/entity/Q573,1367-1443,1367,1443,letters-by-pair,FIRENZE to PRATO,,citesAsDataSource,,,,,"The median of arrival date minus sending date, over the 5703 letters with both dates and a delay of 0 to 365 days. The mean is not given: impossible delays in the records move it too far."
prato,LeadsTo,florence,https://www.wikidata.org/wiki/Property:P1114,letters sent,5700,,1383-1419,1383,1419,letters-by-pair,PRATO to FIRENZE,,citesAsDataSource,,,,,Every letter the dataset records from PRATO to FIRENZE. The dates are the years of sending as the dataset gives them.
prato,LeadsTo,florence,https://www.wikidata.org/wiki/Property:P2047,median delivery time (days),1,http://www.wikidata.org/entity/Q573,1383-1419,1383,1419,letters-by-pair,PRATO to FIRENZE,,citesAsDataSource,,,,,"The median of arrival date minus sending date, over the 4848 letters with both dates and a delay of 0 to 365 days. The mean is not given: impossible delays in the records move it too far."
florence,LeadsTo,genoa,https://www.wikidata.org/wiki/Property:P1114,letters sent,5306,,1379-1405,1379,1405,letters-by-pair,FIRENZE to GENOVA,,citesAsDataSource,,,,,Every letter the dataset records from FIRENZE to GENOVA. The dates are the years of sending as the dataset gives them.
florence,LeadsTo,genoa,https://www.wikidata.org/wiki/Property:P2047,median delivery time (days),8,http://www.wikidata.org/entity/Q573,1379-1405,1379,1405,letters-by-pair,FIRENZE to GENOVA,,citesAsDataSource,,,,,"The median of arrival date minus sending date, over the 4578 letters with both dates and a delay of 0 to 365 days. The mean is not given: impossible delays in the records move it too far."
genoa,LeadsTo,florence,https://www.wikidata.org/wiki/Property:P1114,letters sent,2902,,1382-1414,1382,1414,letters-by-pair,GENOVA to FIRENZE,,citesAsDataSource,,,,,Every letter the dataset records from GENOVA to FIRENZE. The dates are the years of sending as the dataset gives them.
genoa,LeadsTo,florence,https://www.wikidata.org/wiki/Property:P2047,median delivery time (days),7,http://www.wikidata.org/entity/Q573,1382-1414,1382,1414,letters-by-pair,GENOVA to FIRENZE,,citesAsDataSource,,,,,"The median of arrival date minus sending date, over the 2427 letters with both dates and a delay of 0 to 365 days. The mean is not given: impossible delays in the records move it too far."
florence,LeadsTo,barcelona,https://www.wikidata.org/wiki/Property:P1114,letters sent,5097,,1382-1412,1382,1412,letters-by-pair,FIRENZE to BARCELLONA,,citesAsDataSource,,,,,Every letter the dataset records from FIRENZE to BARCELLONA. The dates are the years of sending as the dataset gives them.
florence,LeadsTo,barcelona,https://www.wikidata.org/wiki/Property:P2047,median delivery time (days),30,http://www.wikidata.org/entity/Q573,1382-1412,1382,1412,letters-by-pair,FIRENZE to BARCELLONA,,citesAsDataSource,,,,,"The median of arrival date minus sending date, over the 4314 letters with both dates and a delay of 0 to 365 days. The mean is not given: impossible delays in the records move it too far."
barcelona,LeadsTo,valencia,https://www.wikidata.org/wiki/Property:P1114,letters sent,3551,,1386-1419,1386,1419,letters-by-pair,BARCELLONA to VALENZA,,citesAsDataSource,,,,,Every letter the dataset records from BARCELLONA to VALENZA. The dates are the years of sending as the dataset gives them.
barcelona,LeadsTo,valencia,https://www.wikidata.org/wiki/Property:P2047,median delivery time (days),7,http://www.wikidata.org/entity/Q573,1386-1419,1386,1419,letters-by-pair,BARCELLONA to VALENZA,,citesAsDataSource,,,,,"The median of arrival date minus sending date, over the 2882 letters with both dates and a delay of 0 to 365 days. The mean is not given: impossible delays in the records move it too far."
valencia,LeadsTo,barcelona,https://www.wikidata.org/wiki/Property:P1114,letters sent,2841,,1382-1411,1382,1411,letters-by-pair,VALENZA to BARCELLONA,,citesAsDataSource,,,,,Every letter the dataset records from VALENZA to BARCELLONA. The dates are the years of sending as the dataset gives them.
valencia,LeadsTo,barcelona,https://www.wikidata.org/wiki/Property:P2047,median delivery time (days),7,http://www.wikidata.org/entity/Q573,1382-1411,1382,1411,letters-by-pair,VALENZA to BARCELLONA,,citesAsDataSource,,,,,"The median of arrival date minus sending date, over the 2211 letters with both dates and a delay of 0 to 365 days. The mean is not given: impossible delays in the records move it too far."
barcelona,LeadsTo,palma,https://www.wikidata.org/wiki/Property:P1114,letters sent,3193,,1394-1411,1394,1411,letters-by-pair,BARCELLONA to MAIORCA,,citesAsDataSource,,,,,Every letter the dataset records from BARCELLONA to MAIORCA. The dates are the years of sending as the dataset gives them.
barcelona,LeadsTo,palma,https://www.wikidata.org/wiki/Property:P2047,median delivery time (days),5,http://www.wikidata.org/entity/Q573,1394-1411,1394,1411,letters-by-pair,BARCELLONA to MAIORCA,,citesAsDataSource,,,,,"The median of arrival date minus sending date, over the 2947 letters with both dates and a delay of 0 to 365 days. The mean is not given: impossible delays in the records move it too far."
avignon,LeadsTo,florence,https://www.wikidata.org/wiki/Property:P1114,letters sent,2517,,1371-1420,1371,1420,letters-by-pair,AVIGNONE to FIRENZE,,citesAsDataSource,,,,,Every letter the dataset records from AVIGNONE to FIRENZE. The dates are the years of sending as the dataset gives them.
avignon,LeadsTo,florence,https://www.wikidata.org/wiki/Property:P2047,median delivery time (days),20,http://www.wikidata.org/entity/Q573,1371-1420,1371,1420,letters-by-pair,AVIGNONE to FIRENZE,,citesAsDataSource,,,,,"The median of arrival date minus sending date, over the 2114 letters with both dates and a delay of 0 to 365 days. The mean is not given: impossible delays in the records move it too far."
