place_id,latitude,longitude,wkt,geometry_role,precision_km,date,from,to,source_id,locator,attribution,citation_function,certainty,certainty_level,denied,stance,notes
windsor,51.48333,-0.6,,RepresentativePoint,,undated,,,wikidata,Q464955,,citesAsDataSource,,,,,
odiham,51.24566,-0.94777,,RepresentativePoint,,undated,,,wikidata,Q928816,,citesAsDataSource,,,,,
winchester,51.06333,-1.30861,,RepresentativePoint,,undated,,,wikidata,Q172157,,citesAsDataSource,,,,,
runnymede,51.44451,-0.56537,,RepresentativePoint,,undated,,,wikidata,Q1483542,,citesAsDataSource,,,,,
marlborough,51.4212,-1.7274,,RepresentativePoint,,undated,,,wikidata,Q539528,,citesAsDataSource,,,,,
devizes,51.35278,-1.99583,,RepresentativePoint,,undated,,,wikidata,Q1026699,,citesAsDataSource,,,,,
bradenstoke,51.51,-2,,RepresentativePoint,,undated,,,wikidata,Q4954492,,citesAsDataSource,,,,,
calne,51.4353,-2.00427,,RepresentativePoint,,undated,,,wikidata,Q1235307,,citesAsDataSource,,,,,
cirencester,51.719,-1.968,,RepresentativePoint,,undated,,,wikidata,Q852772,,citesAsDataSource,,,,,
ludgershall,51.2566,-1.6209,,RepresentativePoint,,undated,,,wikidata,Q643318,,citesAsDataSource,,,,,
clarendon,51.07083,-1.74167,,RepresentativePoint,,undated,,,wikidata,Q404530,,citesAsDataSource,,,,,
corfe,50.6399,-2.0589,,RepresentativePoint,,undated,,,wikidata,Q1236511,,citesAsDataSource,,,,,
newbury,51.4009,-1.3235,,RepresentativePoint,,undated,,,wikidata,Q655874,,citesAsDataSource,,,,,
abingdon,51.67167,-1.27833,,RepresentativePoint,,undated,,,wikidata,Q321381,,citesAsDataSource,,,,,
woodstock,51.845,-1.354,,RepresentativePoint,,undated,,,wikidata,Q752111,,citesAsDataSource,,,,,
oxford,51.75194,-1.25778,,RepresentativePoint,,undated,,,wikidata,Q34217,,citesAsDataSource,,,,,
isle-of-wight,50.7,-1.3,,RepresentativePoint,,undated,,,wikidata,Q9679,,citesAsDataSource,,,,,
