place_id,property_uri,property_label,value,unit_uri,date,from,to,source_id,locator,attribution,citation_function,certainty,certainty_level,denied,stance,notes
reach-01,https://www.wikidata.org/wiki/Property:P2043,length (metres),5011.1,http://www.wikidata.org/entity/Q11573,undated,,,rewt-v020,os:link/2CA4675F-B603-41A0-9DA0-44FD0C49620E length_m,,citesAsDataSource,,,,,
reach-02,https://www.wikidata.org/wiki/Property:P2043,length (metres),927.9,http://www.wikidata.org/entity/Q11573,undated,,,rewt-v020,os:link/6392FD7A-5871-40F9-BA77-7E0CBBC31A13 length_m,,citesAsDataSource,,,,,
reach-03,https://www.wikidata.org/wiki/Property:P2043,length (metres),2112.9,http://www.wikidata.org/entity/Q11573,undated,,,rewt-v020,os:link/754A649A-42DA-4A98-8474-FE4E0876E009 length_m,,citesAsDataSource,,,,,
reach-04,https://www.wikidata.org/wiki/Property:P2043,length (metres),518.2,http://www.wikidata.org/entity/Q11573,undated,,,rewt-v020,os:link/69644DBA-6A53-4C18-8F60-4BB916A36F57 length_m,,citesAsDataSource,,,,,
reach-05,https://www.wikidata.org/wiki/Property:P2043,length (metres),2039.3,http://www.wikidata.org/entity/Q11573,undated,,,rewt-v020,os:link/9B78B0C3-3509-4641-92D1-A4FCBD5A2DE4 length_m,,citesAsDataSource,,,,,
reach-06,https://www.wikidata.org/wiki/Property:P2043,length (metres),4999.9,http://www.wikidata.org/entity/Q11573,undated,,,rewt-v020,os:link/F6F54AB0-CA53-4FD6-9C9A-A1B64016175F length_m,,citesAsDataSource,,,,,
reach-07,https://www.wikidata.org/wiki/Property:P2043,length (metres),1239.6,http://www.wikidata.org/entity/Q11573,undated,,,rewt-v020,os:link/05E368BF-37C1-471A-9064-5A893E946DE2 length_m,,citesAsDataSource,,,,,
reach-08,https://www.wikidata.org/wiki/Property:P2043,length (metres),2080.3,http://www.wikidata.org/entity/Q11573,undated,,,rewt-v020,os:link/E4C1DEED-33F6-458D-83EF-02AAAD22D648 length_m,,citesAsDataSource,,,,,
reach-09,https://www.wikidata.org/wiki/Property:P2043,length (metres),7675.2,http://www.wikidata.org/entity/Q11573,undated,,,rewt-v020,os:link/8B2D6309-6B61-4D8F-A352-FAF3601A3EE0 length_m,,citesAsDataSource,,,,,
reach-10,https://www.wikidata.org/wiki/Property:P2043,length (metres),107.4,http://www.wikidata.org/entity/Q11573,undated,,,rewt-v020,os:link/3EF4B3CF-177D-4288-B011-04F227E51BD3 length_m,,citesAsDataSource,,,,,
river-idle,http://purl.org/dc/terms/isReferencedBy,navigation Act,"An Act for making the River Idle navigable, from East-Retford in the County of Nottingham, to Bawtry Wharf in the County of York, 6 Geo. II, c.30",,1720,1720,1720,gadd-2019,"Idle, 1720",,citesAsEvidence,,,,,"The source dates the Act 1720 but cites 6 Geo. II, which is 1732-33; 6 Geo. I is 1719-20. Kept as the source gives it, not corrected. An Act is evidence of an intention (lease or easement, by a municipal corporation: the source's L and M), not that the river was made navigable. From East Retford to Bawtry, it takes in reaches 1 to 5 of this stretch: Bawtry lies on reach 5."
