place_id,relation_type,related_place_id,related_uri,related_label,sequence,date,from,to,duration,source_id,locator,attribution,citation_function,certainty,certainty_level,denied,stance,notes
reach-01,MemberOf,river-idle,,,1,undated,,,,rewt-v020,os:link/2CA4675F-B603-41A0-9DA0-44FD0C49620E,,citesAsDataSource,,,,,"Numbered downstream, in the direction REWT routes the water."
reach-01,BeginsAt,node-00,,,,undated,,,,rewt-v020,os:link/2CA4675F-B603-41A0-9DA0-44FD0C49620E from_node,,citesAsDataSource,,,,,
reach-01,EndsAt,node-01,,,,undated,,,,rewt-v020,os:link/2CA4675F-B603-41A0-9DA0-44FD0C49620E to_node,,citesAsDataSource,,,,,
reach-02,MemberOf,river-idle,,,2,undated,,,,rewt-v020,os:link/6392FD7A-5871-40F9-BA77-7E0CBBC31A13,,citesAsDataSource,,,,,
reach-02,BeginsAt,node-01,,,,undated,,,,rewt-v020,os:link/6392FD7A-5871-40F9-BA77-7E0CBBC31A13 from_node,,citesAsDataSource,,,,,
reach-02,EndsAt,node-02,,,,undated,,,,rewt-v020,os:link/6392FD7A-5871-40F9-BA77-7E0CBBC31A13 to_node,,citesAsDataSource,,,,,
reach-03,MemberOf,river-idle,,,3,undated,,,,rewt-v020,os:link/754A649A-42DA-4A98-8474-FE4E0876E009,,citesAsDataSource,,,,,
reach-03,BeginsAt,node-02,,,,undated,,,,rewt-v020,os:link/754A649A-42DA-4A98-8474-FE4E0876E009 from_node,,citesAsDataSource,,,,,
reach-03,EndsAt,node-03,,,,undated,,,,rewt-v020,os:link/754A649A-42DA-4A98-8474-FE4E0876E009 to_node,,citesAsDataSource,,,,,
reach-04,MemberOf,river-idle,,,4,undated,,,,rewt-v020,os:link/69644DBA-6A53-4C18-8F60-4BB916A36F57,,citesAsDataSource,,,,,
reach-04,BeginsAt,node-03,,,,undated,,,,rewt-v020,os:link/69644DBA-6A53-4C18-8F60-4BB916A36F57 from_node,,citesAsDataSource,,,,,
reach-04,EndsAt,node-04,,,,undated,,,,rewt-v020,os:link/69644DBA-6A53-4C18-8F60-4BB916A36F57 to_node,,citesAsDataSource,,,,,
reach-05,MemberOf,river-idle,,,5,undated,,,,rewt-v020,os:link/9B78B0C3-3509-4641-92D1-A4FCBD5A2DE4,,citesAsDataSource,,,,,
reach-05,BeginsAt,node-04,,,,undated,,,,rewt-v020,os:link/9B78B0C3-3509-4641-92D1-A4FCBD5A2DE4 from_node,,citesAsDataSource,,,,,
reach-05,EndsAt,node-05,,,,undated,,,,rewt-v020,os:link/9B78B0C3-3509-4641-92D1-A4FCBD5A2DE4 to_node,,citesAsDataSource,,,,,
reach-06,MemberOf,river-idle,,,6,undated,,,,rewt-v020,os:link/F6F54AB0-CA53-4FD6-9C9A-A1B64016175F,,citesAsDataSource,,,,,
reach-06,BeginsAt,node-05,,,,undated,,,,rewt-v020,os:link/F6F54AB0-CA53-4FD6-9C9A-A1B64016175F from_node,,citesAsDataSource,,,,,
reach-06,EndsAt,node-06,,,,undated,,,,rewt-v020,os:link/F6F54AB0-CA53-4FD6-9C9A-A1B64016175F to_node,,citesAsDataSource,,,,,
reach-07,MemberOf,river-idle,,,7,undated,,,,rewt-v020,os:link/05E368BF-37C1-471A-9064-5A893E946DE2,,citesAsDataSource,,,,,
reach-07,BeginsAt,node-06,,,,undated,,,,rewt-v020,os:link/05E368BF-37C1-471A-9064-5A893E946DE2 from_node,,citesAsDataSource,,,,,
reach-07,EndsAt,node-07,,,,undated,,,,rewt-v020,os:link/05E368BF-37C1-471A-9064-5A893E946DE2 to_node,,citesAsDataSource,,,,,
reach-08,MemberOf,river-idle,,,8,undated,,,,rewt-v020,os:link/E4C1DEED-33F6-458D-83EF-02AAAD22D648,,citesAsDataSource,,,,,
reach-08,BeginsAt,node-07,,,,undated,,,,rewt-v020,os:link/E4C1DEED-33F6-458D-83EF-02AAAD22D648 from_node,,citesAsDataSource,,,,,
reach-08,EndsAt,node-08,,,,undated,,,,rewt-v020,os:link/E4C1DEED-33F6-458D-83EF-02AAAD22D648 to_node,,citesAsDataSource,,,,,
reach-09,MemberOf,river-idle,,,9,undated,,,,rewt-v020,os:link/8B2D6309-6B61-4D8F-A352-FAF3601A3EE0,,citesAsDataSource,,,,,
reach-09,BeginsAt,node-08,,,,undated,,,,rewt-v020,os:link/8B2D6309-6B61-4D8F-A352-FAF3601A3EE0 from_node,,citesAsDataSource,,,,,
reach-09,EndsAt,node-09,,,,undated,,,,rewt-v020,os:link/8B2D6309-6B61-4D8F-A352-FAF3601A3EE0 to_node,,citesAsDataSource,,,,,
reach-10,MemberOf,river-idle,,,10,undated,,,,rewt-v020,os:link/3EF4B3CF-177D-4288-B011-04F227E51BD3,,citesAsDataSource,,,,,
reach-10,BeginsAt,node-09,,,,undated,,,,rewt-v020,os:link/3EF4B3CF-177D-4288-B011-04F227E51BD3 from_node,,citesAsDataSource,,,,,
reach-10,EndsAt,node-10,,,,undated,,,,rewt-v020,os:link/3EF4B3CF-177D-4288-B011-04F227E51BD3 to_node,,citesAsDataSource,,,,,
river-ryton,LeadsTo,river-idle,,,,undated,,,,rewt-v020,"link 53DEF62E, to_node 69D120BE",,citesAsDataSource,,,,,"The River Ryton flows into the Idle at node-03. Rivers are places, joined by LeadsTo; reaches are segments, joined to their ends by BeginsAt and EndsAt."
river-idle,LeadsTo,river-trent,,,,undated,,,,rewt-v020,node C7DF9A14,,citesAsDataSource,,,,,"Through Bycarrs Dyke, into the tidal Trent at node-10."
